Date,Region,VideoID,Title,Source type,Detail,Referred views
2011-09-01,AU,xv9yFkEP6qI,"""All Nighter"" - feat. Kinect & Maya motion capture",RELATED_VIDEO,thfL4Uynn5c,1
2011-09-01,AU,xv9yFkEP6qI,"""All Nighter"" - feat. Kinect & Maya motion capture",RELATED_VIDEO,MsOGfG54Z78,1
2011-09-01,LV,xv9yFkEP6qI,"""All Nighter"" - feat. Kinect & Maya motion capture",YT_SEARCH,maya motion capture,1
2011-09-01,US,xv9yFkEP6qI,"""All Nighter"" - feat. Kinect & Maya motion capture",YT_SEARCH,kinect motion capture,1
2011-09-01,US,xv9yFkEP6qI,"""All Nighter"" - feat. Kinect & Maya motion capture",EXT_URL,www.google.com,1
2011-09-01,US,xv9yFkEP6qI,"""All Nighter"" - feat. Kinect & Maya motion capture",YT_SEARCH,kinect and maya,4
2011-09-01,US,xv9yFkEP6qI,"""All Nighter"" - feat. Kinect & Maya motion capture",GOOGLE_SEARCH,"motion capture with kinect, maya, and mac",1
2011-09-01,US,xv9yFkEP6qI,"""All Nighter"" - feat. Kinect & Maya motion capture",NO_LINK_EMBEDDED,torbensko.com,2
2011-09-01,US,xv9yFkEP6qI,"""All Nighter"" - feat. Kinect & Maya motion capture",NO_LINK_EMBEDDED,kinecthacks.net,1
2011-09-01,US,xv9yFkEP6qI,"""All Nighter"" - feat. Kinect & Maya motion capture",NO_LINK_EMBEDDED,kinect.dashhacks.com,3
2011-09-01,US,xv9yFkEP6qI,"""All Nighter"" - feat. Kinect & Maya motion capture",NO_LINK_MOBILE,,2
2011-09-01,SG,xv9yFkEP6qI,"""All Nighter"" - feat. Kinect & Maya motion capture",NO_LINK_EMBEDDED,kinect.dashhacks.com,1
2011-09-01,RU,xv9yFkEP6qI,"""All Nighter"" - feat. Kinect & Maya motion capture",YT_SEARCH,maya персонаж,1
2011-09-01,CA,xv9yFkEP6qI,"""All Nighter"" - feat. Kinect & Maya motion capture",YT_OTHER_PAGE,www.youtube.com/v/xv9yFkEP6qI?color1=d6d6d6&color2=f0f0f0&border=0&fs=1&hl=en&loop=0&showinfo=0&iv_load_policy=3&showsearch=0&rel=0,1
2011-09-01,CA,xv9yFkEP6qI,"""All Nighter"" - feat. Kinect & Maya motion capture",NO_LINK_EMBEDDED,123kinect.com,1
2011-09-01,CA,xv9yFkEP6qI,"""All Nighter"" - feat. Kinect & Maya motion capture",NO_LINK_VIRAL,,1
2011-09-01,PL,xv9yFkEP6qI,"""All Nighter"" - feat. Kinect & Maya motion capture",YT_SEARCH,wszystko o kinect,1
2011-09-02,BG,xv9yFkEP6qI,"""All Nighter"" - feat. Kinect & Maya motion capture",EXT_URL,www.google.bg,1
2011-09-02,FI,xv9yFkEP6qI,"""All Nighter"" - feat. Kinect & Maya motion capture",YT_SEARCH,maya 2011 motion tracking,2
2011-09-02,BE,xv9yFkEP6qI,"""All Nighter"" - feat. Kinect & Maya motion capture",YT_SEARCH,maya motion capture,2
2011-09-02,ES,xv9yFkEP6qI,"""All Nighter"" - feat. Kinect & Maya motion capture",NO_LINK_EMBEDDED,www.it-networks.org,1
2011-09-02,JP,xv9yFkEP6qI,"""All Nighter"" - feat. Kinect & Maya motion capture",NO_LINK_EMBEDDED,kinect.pro-mame.com,1
2011-09-02,JP,xv9yFkEP6qI,"""All Nighter"" - feat. Kinect & Maya motion capture",NO_LINK_MOBILE,,2
2011-09-02,PT,xv9yFkEP6qI,"""All Nighter"" - feat. Kinect & Maya motion capture",NO_LINK_EMBEDDED,www.thecreatorsproject.com,1
2011-09-02,DE,xv9yFkEP6qI,"""All Nighter"" - feat. Kinect & Maya motion capture",NO_LINK_EMBEDDED,torbensko.com,1
2011-09-02,DE,xv9yFkEP6qI,"""All Nighter"" - feat. Kinect & Maya motion capture",NO_LINK_EMBEDDED,kinecthacks.net,1
2011-09-02,US,xv9yFkEP6qI,"""All Nighter"" - feat. Kinect & Maya motion capture",GOOGLE_SEARCH,kinect to maya,1
2011-09-02,US,xv9yFkEP6qI,"""All Nighter"" - feat. Kinect & Maya motion capture",NO_LINK_MOBILE,,2
2011-09-02,ZA,xv9yFkEP6qI,"""All Nighter"" - feat. Kinect & Maya motion capture",YT_OTHER_PAGE,www.youtube.com/v/xv9yFkEP6qI&amp;rel=0&amp;fs=1&amp;showsearch=0&amp;showinfo=0,1
2011-09-02,RU,xv9yFkEP6qI,"""All Nighter"" - feat. Kinect & Maya motion capture",RELATED_VIDEO,Ywu-H6hXDMk,1
2011-09-02,VN,xv9yFkEP6qI,"""All Nighter"" - feat. Kinect & Maya motion capture",NO_LINK_EMBEDDED,torbensko.com,1
2011-09-02,CA,xv9yFkEP6qI,"""All Nighter"" - feat. Kinect & Maya motion capture",YT_CHANNEL,,1
2011-09-02,CA,xv9yFkEP6qI,"""All Nighter"" - feat. Kinect & Maya motion capture",NO_LINK_EMBEDDED,kinect.dashhacks.com,1
2011-09-03,JP,xv9yFkEP6qI,"""All Nighter"" - feat. Kinect & Maya motion capture",NO_LINK_VIRAL,,1
2011-09-03,JP,xv9yFkEP6qI,"""All Nighter"" - feat. Kinect & Maya motion capture",NO_LINK_MOBILE,,1
2011-09-03,US,xv9yFkEP6qI,"""All Nighter"" - feat. Kinect & Maya motion capture",YT_SEARCH,kinect motion capture,1
2011-09-03,US,xv9yFkEP6qI,"""All Nighter"" - feat. Kinect & Maya motion capture",YT_SEARCH,maya mocap,1
2011-09-03,US,xv9yFkEP6qI,"""All Nighter"" - feat. Kinect & Maya motion capture",YT_SEARCH,kinect for maya,2
2011-09-03,US,xv9yFkEP6qI,"""All Nighter"" - feat. Kinect & Maya motion capture",NO_LINK_EMBEDDED,www.thecreatorsproject.com,1
2011-09-03,US,xv9yFkEP6qI,"""All Nighter"" - feat. Kinect & Maya motion capture",NO_LINK_MOBILE,,2
2011-09-03,TW,xv9yFkEP6qI,"""All Nighter"" - feat. Kinect & Maya motion capture",NO_LINK_EMBEDDED,torbensko.com,1
2011-09-03,CA,xv9yFkEP6qI,"""All Nighter"" - feat. Kinect & Maya motion capture",NO_LINK_MOBILE,,1
2011-09-03,MX,xv9yFkEP6qI,"""All Nighter"" - feat. Kinect & Maya motion capture",YT_SEARCH,como programar motion capture en maya,1
2011-09-03,MX,xv9yFkEP6qI,"""All Nighter"" - feat. Kinect & Maya motion capture",NO_LINK_EMBEDDED,www.thecreatorsproject.com,1
2011-09-03,SE,xv9yFkEP6qI,"""All Nighter"" - feat. Kinect & Maya motion capture",NO_LINK_EMBEDDED,torbensko.com,1
2011-09-03,GB,xv9yFkEP6qI,"""All Nighter"" - feat. Kinect & Maya motion capture",NO_LINK_EMBEDDED,torbensko.com,1
2011-09-03,IT,xv9yFkEP6qI,"""All Nighter"" - feat. Kinect & Maya motion capture",NO_LINK_MOBILE,,1
2011-09-04,PK,xv9yFkEP6qI,"""All Nighter"" - feat. Kinect & Maya motion capture",NO_LINK_EMBEDDED,hackaday.com,1
2011-09-04,AT,xv9yFkEP6qI,"""All Nighter"" - feat. Kinect & Maya motion capture",NO_LINK_EMBEDDED,123kinect.com,1
2011-09-04,AZ,xv9yFkEP6qI,"""All Nighter"" - feat. Kinect & Maya motion capture",YT_SEARCH,maya motion capture,1
2011-09-04,AU,xv9yFkEP6qI,"""All Nighter"" - feat. Kinect & Maya motion capture",YT_SEARCH,tutorial motion capture maya,1
2011-09-04,AU,xv9yFkEP6qI,"""All Nighter"" - feat. Kinect & Maya motion capture",NO_LINK_EMBEDDED,torbensko.com,1
2011-09-04,DE,xv9yFkEP6qI,"""All Nighter"" - feat. Kinect & Maya motion capture",NO_LINK_EMBEDDED,torbensko.com,1
2011-09-04,US,xv9yFkEP6qI,"""All Nighter"" - feat. Kinect & Maya motion capture",YT_OTHER_PAGE,www.youtube.com/v/xv9yFkEP6qI?version=3,1
2011-09-04,US,xv9yFkEP6qI,"""All Nighter"" - feat. Kinect & Maya motion capture",YT_SEARCH,all about kinect,1
2011-09-04,US,xv9yFkEP6qI,"""All Nighter"" - feat. Kinect & Maya motion capture",NO_LINK_EMBEDDED,www.it-networks.org,1
2011-09-04,NZ,xv9yFkEP6qI,"""All Nighter"" - feat. Kinect & Maya motion capture",YT_SEARCH,maya kinect,1
2011-09-04,CA,xv9yFkEP6qI,"""All Nighter"" - feat. Kinect & Maya motion capture",NO_LINK_EMBEDDED,torbensko.com,1
2011-09-04,CA,xv9yFkEP6qI,"""All Nighter"" - feat. Kinect & Maya motion capture",NO_LINK_MOBILE,,1
2011-09-04,NL,xv9yFkEP6qI,"""All Nighter"" - feat. Kinect & Maya motion capture",GOOGLE_SEARCH,kinect motion capture maya,2
2011-09-04,NL,xv9yFkEP6qI,"""All Nighter"" - feat. Kinect & Maya motion capture",NO_LINK_EMBEDDED,www.myvidster.com,1
2011-09-04,IT,xv9yFkEP6qI,"""All Nighter"" - feat. Kinect & Maya motion capture",RELATED_VIDEO,XvRP7qXCBCA,1
2011-09-05,PH,xv9yFkEP6qI,"""All Nighter"" - feat. Kinect & Maya motion capture",GOOGLE_SEARCH,kinect philippines,1
2011-09-05,JP,xv9yFkEP6qI,"""All Nighter"" - feat. Kinect & Maya motion capture",YT_SEARCH,maya モーション,1
2011-09-05,GR,xv9yFkEP6qI,"""All Nighter"" - feat. Kinect & Maya motion capture",YT_SEARCH,nighter,1
2011-09-05,PT,xv9yFkEP6qI,"""All Nighter"" - feat. Kinect & Maya motion capture",YT_SEARCH,maya kinect,1
2011-09-05,US,xv9yFkEP6qI,"""All Nighter"" - feat. Kinect & Maya motion capture",EXT_URL,www.google.com,1
2011-09-05,US,xv9yFkEP6qI,"""All Nighter"" - feat. Kinect & Maya motion capture",YT_SEARCH,maya motion capture,1
2011-09-05,US,xv9yFkEP6qI,"""All Nighter"" - feat. Kinect & Maya motion capture",YT_SEARCH,kinect motion capture maya,1
2011-09-05,IN,xv9yFkEP6qI,"""All Nighter"" - feat. Kinect & Maya motion capture",NO_LINK_EMBEDDED,123kinect.com,1
2011-09-05,MY,xv9yFkEP6qI,"""All Nighter"" - feat. Kinect & Maya motion capture",YT_SEARCH,maya motion capture,1
2011-09-05,MY,xv9yFkEP6qI,"""All Nighter"" - feat. Kinect & Maya motion capture",YT_SEARCH,maya motion capture tutorial,1
2011-09-05,MY,xv9yFkEP6qI,"""All Nighter"" - feat. Kinect & Maya motion capture",NO_LINK_VIRAL,,1
2011-09-05,FR,xv9yFkEP6qI,"""All Nighter"" - feat. Kinect & Maya motion capture",YT_SEARCH,kinecttomaya,1
2011-09-05,CL,xv9yFkEP6qI,"""All Nighter"" - feat. Kinect & Maya motion capture",YT_SEARCH,home motion capture,1
2011-09-05,BR,xv9yFkEP6qI,"""All Nighter"" - feat. Kinect & Maya motion capture",YT_SEARCH,motion capture maya,2
2011-09-05,BR,xv9yFkEP6qI,"""All Nighter"" - feat. Kinect & Maya motion capture",NO_LINK_EMBEDDED,torbensko.com,1
2011-09-05,NZ,xv9yFkEP6qI,"""All Nighter"" - feat. Kinect & Maya motion capture",NO_LINK_EMBEDDED,123kinect.com,1
2011-09-05,TR,xv9yFkEP6qI,"""All Nighter"" - feat. Kinect & Maya motion capture",RELATED_VIDEO,BW3-KjAkwNw,1
2011-09-05,LU,xv9yFkEP6qI,"""All Nighter"" - feat. Kinect & Maya motion capture",YT_OTHER_PAGE,www.youtube.com/v/xv9yFkEP6qI&amp;rel=0&amp;color1=0xDFD6EC&amp;color2=0x381768&amp;hd=1&amp;enablejsapi=1&amp;playerapiid=ytplayer&amp;fs=1,1
2011-09-05,LU,xv9yFkEP6qI,"""All Nighter"" - feat. Kinect & Maya motion capture",NO_LINK_EMBEDDED,kinect.dashhacks.com,1
2011-09-05,DK,xv9yFkEP6qI,"""All Nighter"" - feat. Kinect & Maya motion capture",YT_SEARCH,kinect motion capture,1
2011-09-05,PL,xv9yFkEP6qI,"""All Nighter"" - feat. Kinect & Maya motion capture",YT_SEARCH,maya mocap kinnect,1
2011-09-06,UA,xv9yFkEP6qI,"""All Nighter"" - feat. Kinect & Maya motion capture",NO_LINK_EMBEDDED,123kinect.com,1
2011-09-06,PH,xv9yFkEP6qI,"""All Nighter"" - feat. Kinect & Maya motion capture",GOOGLE_SEARCH,kinect philippines,1
2011-09-06,JP,xv9yFkEP6qI,"""All Nighter"" - feat. Kinect & Maya motion capture",RELATED_VIDEO,xv9yFkEP6qI,1
2011-09-06,JP,xv9yFkEP6qI,"""All Nighter"" - feat. Kinect & Maya motion capture",EXT_URL,gigazine.net,2
2011-09-06,JP,xv9yFkEP6qI,"""All Nighter"" - feat. Kinect & Maya motion capture",NO_LINK_VIRAL,,1
2011-09-06,AU,xv9yFkEP6qI,"""All Nighter"" - feat. Kinect & Maya motion capture",GOOGLE_SEARCH,use your kinect with maya,1
2011-09-06,DE,xv9yFkEP6qI,"""All Nighter"" - feat. Kinect & Maya motion capture",NO_LINK_EMBEDDED,123kinect.com,1
2011-09-06,US,xv9yFkEP6qI,"""All Nighter"" - feat. Kinect & Maya motion capture",NO_LINK_EMBEDDED,123kinect.com,1
2011-09-06,MY,xv9yFkEP6qI,"""All Nighter"" - feat. Kinect & Maya motion capture",YT_OTHER_PAGE,www.youtube.com/user/Suprem3Gamer,2
2011-09-06,TW,xv9yFkEP6qI,"""All Nighter"" - feat. Kinect & Maya motion capture",GOOGLE_SEARCH,kinect maya,1
2011-09-06,TW,xv9yFkEP6qI,"""All Nighter"" - feat. Kinect & Maya motion capture",NO_LINK_EMBEDDED,www.myvidster.com,1
2011-09-06,TW,xv9yFkEP6qI,"""All Nighter"" - feat. Kinect & Maya motion capture",NO_LINK_EMBEDDED,kinect.dashhacks.com,1
2011-09-06,FR,xv9yFkEP6qI,"""All Nighter"" - feat. Kinect & Maya motion capture",NO_LINK_EMBEDDED,torbensko.com,1
2011-09-06,SA,xv9yFkEP6qI,"""All Nighter"" - feat. Kinect & Maya motion capture",YT_SEARCH,maya short film,1
2011-09-06,RU,xv9yFkEP6qI,"""All Nighter"" - feat. Kinect & Maya motion capture",RELATED_VIDEO,p8N20UmDHpI,1
2011-09-06,AR,xv9yFkEP6qI,"""All Nighter"" - feat. Kinect & Maya motion capture",YT_SEARCH,vida para dar vida,1
2011-09-06,CA,xv9yFkEP6qI,"""All Nighter"" - feat. Kinect & Maya motion capture",YT_SEARCH,kinect motion capture maya,1
2011-09-06,CA,xv9yFkEP6qI,"""All Nighter"" - feat. Kinect & Maya motion capture",YT_SEARCH,short film maya,1
2011-09-06,IT,xv9yFkEP6qI,"""All Nighter"" - feat. Kinect & Maya motion capture",NO_LINK_EMBEDDED,www.thecreatorsproject.com,1
2011-09-07,MA,xv9yFkEP6qI,"""All Nighter"" - feat. Kinect & Maya motion capture",YT_SEARCH,kinect maya,1
2011-09-07,BG,xv9yFkEP6qI,"""All Nighter"" - feat. Kinect & Maya motion capture",EXT_URL,www.google.bg,1
2011-09-07,JP,xv9yFkEP6qI,"""All Nighter"" - feat. Kinect & Maya motion capture",YT_SEARCH,kinect motion capture,1
2011-09-07,JP,xv9yFkEP6qI,"""All Nighter"" - feat. Kinect & Maya motion capture",NO_LINK_EMBEDDED,torbensko.com,1
2011-09-07,US,xv9yFkEP6qI,"""All Nighter"" - feat. Kinect & Maya motion capture",YT_SEARCH,kinect motion capture,1
2011-09-07,US,xv9yFkEP6qI,"""All Nighter"" - feat. Kinect & Maya motion capture",YT_OTHER_PAGE,www.youtube.com/v/xv9yFkEP6qI&amp;rel=0&amp;color1=0xDFD6EC&amp;color2=0x381768&amp;hd=1&amp;enablejsapi=1&amp;playerapiid=ytplayer&amp;fs=1,1
2011-09-07,US,xv9yFkEP6qI,"""All Nighter"" - feat. Kinect & Maya motion capture",YT_SEARCH,kinect film,2
2011-09-07,US,xv9yFkEP6qI,"""All Nighter"" - feat. Kinect & Maya motion capture",NO_LINK_EMBEDDED,torbensko.com,1
2011-09-07,US,xv9yFkEP6qI,"""All Nighter"" - feat. Kinect & Maya motion capture",NO_LINK_EMBEDDED,kinect.dashhacks.com,1
2011-09-07,US,xv9yFkEP6qI,"""All Nighter"" - feat. Kinect & Maya motion capture",NO_LINK_VIRAL,,1
2011-09-07,US,xv9yFkEP6qI,"""All Nighter"" - feat. Kinect & Maya motion capture",NO_LINK_MOBILE,,1
2011-09-07,MY,xv9yFkEP6qI,"""All Nighter"" - feat. Kinect & Maya motion capture",YT_OTHER_PAGE,www.youtube.com/account?feature=mhee,1
2011-09-07,BR,xv9yFkEP6qI,"""All Nighter"" - feat. Kinect & Maya motion capture",YT_SEARCH,motion capture para o maya knect,1
2011-09-07,MX,xv9yFkEP6qI,"""All Nighter"" - feat. Kinect & Maya motion capture",EXT_URL,www.google.com,1
2011-09-07,BO,xv9yFkEP6qI,"""All Nighter"" - feat. Kinect & Maya motion capture",YT_SEARCH,maya 2011 motion capture,2
2011-09-07,GB,xv9yFkEP6qI,"""All Nighter"" - feat. Kinect & Maya motion capture",RELATED_VIDEO,Phcdp7AjhBg,1
2011-09-07,PL,xv9yFkEP6qI,"""All Nighter"" - feat. Kinect & Maya motion capture",EXT_URL,www.google.pl,1
2011-09-07,PL,xv9yFkEP6qI,"""All Nighter"" - feat. Kinect & Maya motion capture",NO_LINK_EMBEDDED,123kinect.com,1
2011-09-08,KE,xv9yFkEP6qI,"""All Nighter"" - feat. Kinect & Maya motion capture",NO_LINK_EMBEDDED,nuvixa.com,1
2011-09-08,JP,xv9yFkEP6qI,"""All Nighter"" - feat. Kinect & Maya motion capture",EXT_URL,www.google.com,1
2011-09-08,JP,xv9yFkEP6qI,"""All Nighter"" - feat. Kinect & Maya motion capture",NO_LINK_EMBEDDED,torbensko.com,1
2011-09-08,JP,xv9yFkEP6qI,"""All Nighter"" - feat. Kinect & Maya motion capture",NO_LINK_EMBEDDED,radiumsoftware.tumblr.com,1
2011-09-08,JP,xv9yFkEP6qI,"""All Nighter"" - feat. Kinect & Maya motion capture",NO_LINK_EMBEDDED,www.tumblr.com,1
2011-09-08,KH,xv9yFkEP6qI,"""All Nighter"" - feat. Kinect & Maya motion capture",YT_SEARCH,maya kinect,1
2011-09-08,US,xv9yFkEP6qI,"""All Nighter"" - feat. Kinect & Maya motion capture",EXT_URL,www.google.com,1
2011-09-08,US,xv9yFkEP6qI,"""All Nighter"" - feat. Kinect & Maya motion capture",YT_SEARCH,kinect maya mocap,1
2011-09-08,US,xv9yFkEP6qI,"""All Nighter"" - feat. Kinect & Maya motion capture",EXT_URL,www.google.ca,1
2011-09-08,US,xv9yFkEP6qI,"""All Nighter"" - feat. Kinect & Maya motion capture",YT_OTHER_PAGE,www.youtube.com/,1
2011-09-08,US,xv9yFkEP6qI,"""All Nighter"" - feat. Kinect & Maya motion capture",NO_LINK_EMBEDDED,123kinect.com,1
2011-09-08,US,xv9yFkEP6qI,"""All Nighter"" - feat. Kinect & Maya motion capture",NO_LINK_EMBEDDED,www.thecreatorsproject.com,1
2011-09-08,US,xv9yFkEP6qI,"""All Nighter"" - feat. Kinect & Maya motion capture",NO_LINK_EMBEDDED,kinect.dashhacks.com,1
2011-09-08,FR,xv9yFkEP6qI,"""All Nighter"" - feat. Kinect & Maya motion capture",NO_LINK_EMBEDDED,torbensko.com,1
2011-09-08,BR,xv9yFkEP6qI,"""All Nighter"" - feat. Kinect & Maya motion capture",NO_LINK_EMBEDDED,torbensko.com,1
2011-09-08,BR,xv9yFkEP6qI,"""All Nighter"" - feat. Kinect & Maya motion capture",NO_LINK_EMBEDDED,thecreatorsproject.com,1
2011-09-08,AR,xv9yFkEP6qI,"""All Nighter"" - feat. Kinect & Maya motion capture",GOOGLE_SEARCH,motion capture with kinect,1
2011-09-08,MX,xv9yFkEP6qI,"""All Nighter"" - feat. Kinect & Maya motion capture",NO_LINK_EMBEDDED,kinect.dashhacks.com,1
2011-09-08,GB,xv9yFkEP6qI,"""All Nighter"" - feat. Kinect & Maya motion capture",YT_SEARCH,kinect motion capture,2
2011-09-08,GB,xv9yFkEP6qI,"""All Nighter"" - feat. Kinect & Maya motion capture",NO_LINK_EMBEDDED,123kinect.com,1
2011-09-08,GB,xv9yFkEP6qI,"""All Nighter"" - feat. Kinect & Maya motion capture",NO_LINK_MOBILE,,1
2011-09-08,IT,xv9yFkEP6qI,"""All Nighter"" - feat. Kinect & Maya motion capture",EXT_URL,www.google.it,1
2011-09-09,ES,xv9yFkEP6qI,"""All Nighter"" - feat. Kinect & Maya motion capture",YT_SEARCH,kinect,1
2011-09-09,CO,xv9yFkEP6qI,"""All Nighter"" - feat. Kinect & Maya motion capture",NO_LINK_EMBEDDED,elgeek.com,1
2011-09-09,JP,xv9yFkEP6qI,"""All Nighter"" - feat. Kinect & Maya motion capture",YT_OTHER_PAGE,www.youtube.com/v/xv9yFkEP6qI&rel=0&egm=0&showinfo=0&fs=1&autoplay=1,1
2011-09-09,JP,xv9yFkEP6qI,"""All Nighter"" - feat. Kinect & Maya motion capture",NO_LINK_EMBEDDED,radiumsoftware.tumblr.com,1
2011-09-09,JP,xv9yFkEP6qI,"""All Nighter"" - feat. Kinect & Maya motion capture",NO_LINK_EMBEDDED,kinect.pro-mame.com,1
2011-09-09,RO,xv9yFkEP6qI,"""All Nighter"" - feat. Kinect & Maya motion capture",YT_SEARCH,kinect motion capture,1
2011-09-09,AU,xv9yFkEP6qI,"""All Nighter"" - feat. Kinect & Maya motion capture",YT_SEARCH,maya motion capture,1
2011-09-09,AU,xv9yFkEP6qI,"""All Nighter"" - feat. Kinect & Maya motion capture",EXT_URL,www.google.com.au,1
2011-09-09,DE,xv9yFkEP6qI,"""All Nighter"" - feat. Kinect & Maya motion capture",NO_LINK_EMBEDDED,kinect.dashhacks.com,1
2011-09-09,US,xv9yFkEP6qI,"""All Nighter"" - feat. Kinect & Maya motion capture",EXT_URL,www.google.com,3
2011-09-09,US,xv9yFkEP6qI,"""All Nighter"" - feat. Kinect & Maya motion capture",YT_CHANNEL,,1
2011-09-09,US,xv9yFkEP6qI,"""All Nighter"" - feat. Kinect & Maya motion capture",NO_LINK_EMBEDDED,123kinect.com,1
2011-09-09,US,xv9yFkEP6qI,"""All Nighter"" - feat. Kinect & Maya motion capture",NO_LINK_EMBEDDED,kinect.dashhacks.com,1
2011-09-09,IN,xv9yFkEP6qI,"""All Nighter"" - feat. Kinect & Maya motion capture",YT_SEARCH,kinect motion capturing,2
2011-09-09,BR,xv9yFkEP6qI,"""All Nighter"" - feat. Kinect & Maya motion capture",YT_SEARCH,captura de movimentos maya 2011,2
2011-09-09,CA,xv9yFkEP6qI,"""All Nighter"" - feat. Kinect & Maya motion capture",YT_SEARCH,motion capture kinect,1
2011-09-09,GB,xv9yFkEP6qI,"""All Nighter"" - feat. Kinect & Maya motion capture",NO_LINK_MOBILE,,1
2011-09-09,IT,xv9yFkEP6qI,"""All Nighter"" - feat. Kinect & Maya motion capture",EXT_URL,www.google.it,1
2011-09-10,GR,xv9yFkEP6qI,"""All Nighter"" - feat. Kinect & Maya motion capture",YT_SEARCH,nighter,1
2011-09-10,TT,xv9yFkEP6qI,"""All Nighter"" - feat. Kinect & Maya motion capture",NO_LINK_EMBEDDED,www.thecreatorsproject.com,1
2011-09-10,US,xv9yFkEP6qI,"""All Nighter"" - feat. Kinect & Maya motion capture",YT_SEARCH,kinect motion capture,2
2011-09-10,US,xv9yFkEP6qI,"""All Nighter"" - feat. Kinect & Maya motion capture",NO_LINK_EMBEDDED,torbensko.com,2
2011-09-10,US,xv9yFkEP6qI,"""All Nighter"" - feat. Kinect & Maya motion capture",NO_LINK_EMBEDDED,kinect.dashhacks.com,2
2011-09-10,US,xv9yFkEP6qI,"""All Nighter"" - feat. Kinect & Maya motion capture",NO_LINK_MOBILE,,1
2011-09-10,BR,xv9yFkEP6qI,"""All Nighter"" - feat. Kinect & Maya motion capture",YT_SEARCH,maya motion,1
2011-09-10,CA,xv9yFkEP6qI,"""All Nighter"" - feat. Kinect & Maya motion capture",YT_SEARCH,how to do an all nighter,1
2011-09-10,NL,xv9yFkEP6qI,"""All Nighter"" - feat. Kinect & Maya motion capture",NO_LINK_EMBEDDED,www.it-networks.org,1
2011-09-10,GB,xv9yFkEP6qI,"""All Nighter"" - feat. Kinect & Maya motion capture",NO_LINK_MOBILE,,1
2011-09-10,ID,xv9yFkEP6qI,"""All Nighter"" - feat. Kinect & Maya motion capture",NO_LINK_VIRAL,,1
2011-09-10,DK,xv9yFkEP6qI,"""All Nighter"" - feat. Kinect & Maya motion capture",YT_SEARCH,maya motion capture,1
2011-09-11,UA,xv9yFkEP6qI,"""All Nighter"" - feat. Kinect & Maya motion capture",YT_SEARCH,kinect motion capture,1
2011-09-11,ES,xv9yFkEP6qI,"""All Nighter"" - feat. Kinect & Maya motion capture",YT_SEARCH,all nighters xbox 360,1
2011-09-11,JP,xv9yFkEP6qI,"""All Nighter"" - feat. Kinect & Maya motion capture",NO_LINK_EMBEDDED,kinect.pro-mame.com,1
2011-09-11,GR,xv9yFkEP6qI,"""All Nighter"" - feat. Kinect & Maya motion capture",YT_SEARCH,"in the nighter,in the nighter",1
2011-09-11,LV,xv9yFkEP6qI,"""All Nighter"" - feat. Kinect & Maya motion capture",NO_LINK_EMBEDDED,123kinect.com,1
2011-09-11,SK,xv9yFkEP6qI,"""All Nighter"" - feat. Kinect & Maya motion capture",NO_LINK_EMBEDDED,torbensko.com,1
2011-09-11,DE,xv9yFkEP6qI,"""All Nighter"" - feat. Kinect & Maya motion capture",NO_LINK_VIRAL,,1
2011-09-11,US,xv9yFkEP6qI,"""All Nighter"" - feat. Kinect & Maya motion capture",NO_LINK_EMBEDDED,torbensko.com,1
2011-09-11,US,xv9yFkEP6qI,"""All Nighter"" - feat. Kinect & Maya motion capture",NO_LINK_EMBEDDED,gunshoe.org,1
2011-09-11,SG,xv9yFkEP6qI,"""All Nighter"" - feat. Kinect & Maya motion capture",YT_SEARCH,motion capture tutorial maya,2
2011-09-11,BR,xv9yFkEP6qI,"""All Nighter"" - feat. Kinect & Maya motion capture",GOOGLE_SEARCH,knect + maya,1
2011-09-11,BR,xv9yFkEP6qI,"""All Nighter"" - feat. Kinect & Maya motion capture",NO_LINK_VIRAL,,1
2011-09-11,RU,xv9yFkEP6qI,"""All Nighter"" - feat. Kinect & Maya motion capture",NO_LINK_EMBEDDED,www.it-networks.org,1
2011-09-11,NL,xv9yFkEP6qI,"""All Nighter"" - feat. Kinect & Maya motion capture",NO_LINK_EMBEDDED,123kinect.com,1
2011-09-12,MA,xv9yFkEP6qI,"""All Nighter"" - feat. Kinect & Maya motion capture",NO_LINK_EMBEDDED,torbensko.com,1
2011-09-12,PH,xv9yFkEP6qI,"""All Nighter"" - feat. Kinect & Maya motion capture",YT_SEARCH,kinect maya,1
2011-09-12,ES,xv9yFkEP6qI,"""All Nighter"" - feat. Kinect & Maya motion capture",NO_LINK_EMBEDDED,www.brucemagathink.com,1
2011-09-12,CO,xv9yFkEP6qI,"""All Nighter"" - feat. Kinect & Maya motion capture",YT_OTHER_PAGE,www.youtube.com/v/xv9yFkEP6qI&amp;rel=0&amp;color1=0xDFD6EC&amp;color2=0x381768&amp;hd=1&amp;enablejsapi=1&amp;playerapiid=ytplayer&amp;fs=1,2
2011-09-12,CO,xv9yFkEP6qI,"""All Nighter"" - feat. Kinect & Maya motion capture",YT_SEARCH,kinect film,1
2011-09-12,JP,xv9yFkEP6qI,"""All Nighter"" - feat. Kinect & Maya motion capture",YT_SEARCH,kinect motion capture,1
2011-09-12,JP,xv9yFkEP6qI,"""All Nighter"" - feat. Kinect & Maya motion capture",NO_LINK_EMBEDDED,kinect.pro-mame.com,1
2011-09-12,AU,xv9yFkEP6qI,"""All Nighter"" - feat. Kinect & Maya motion capture",RELATED_VIDEO,1a4yGNNKWYg,1
2011-09-12,DE,xv9yFkEP6qI,"""All Nighter"" - feat. Kinect & Maya motion capture",YT_SEARCH,kinect motion capture,1
2011-09-12,DE,xv9yFkEP6qI,"""All Nighter"" - feat. Kinect & Maya motion capture",YT_SEARCH,kinect film,1
2011-09-12,US,xv9yFkEP6qI,"""All Nighter"" - feat. Kinect & Maya motion capture",YT_SEARCH,maya motion capture,1
2011-09-12,US,xv9yFkEP6qI,"""All Nighter"" - feat. Kinect & Maya motion capture",GOOGLE_SEARCH,motion capture kinect maya,1
2011-09-12,FR,xv9yFkEP6qI,"""All Nighter"" - feat. Kinect & Maya motion capture",NO_LINK_VIRAL,,1
2011-09-12,HK,xv9yFkEP6qI,"""All Nighter"" - feat. Kinect & Maya motion capture",YT_SEARCH,maya kinect,1
2011-09-12,RU,xv9yFkEP6qI,"""All Nighter"" - feat. Kinect & Maya motion capture",YT_SEARCH,motion capture kinect,1
2011-09-12,RU,xv9yFkEP6qI,"""All Nighter"" - feat. Kinect & Maya motion capture",GOOGLE_SEARCH,motion capture дома,1
2011-09-12,RU,xv9yFkEP6qI,"""All Nighter"" - feat. Kinect & Maya motion capture",NO_LINK_EMBEDDED,translate.googleusercontent.com,1
2011-09-12,GY,xv9yFkEP6qI,"""All Nighter"" - feat. Kinect & Maya motion capture",YT_SEARCH,maya short film,1
2011-09-12,CN,xv9yFkEP6qI,"""All Nighter"" - feat. Kinect & Maya motion capture",NO_LINK_EMBEDDED,torbensko.com,1
2011-09-12,CA,xv9yFkEP6qI,"""All Nighter"" - feat. Kinect & Maya motion capture",NO_LINK_EMBEDDED,www.it-networks.org,2
2011-09-12,TR,xv9yFkEP6qI,"""All Nighter"" - feat. Kinect & Maya motion capture",YT_SEARCH,maya kinect,1
2011-09-12,GB,xv9yFkEP6qI,"""All Nighter"" - feat. Kinect & Maya motion capture",YT_SEARCH,maya kinect,2
2011-09-12,GB,xv9yFkEP6qI,"""All Nighter"" - feat. Kinect & Maya motion capture",NO_LINK_EMBEDDED,kinect.dashhacks.com,1
2011-09-12,IT,xv9yFkEP6qI,"""All Nighter"" - feat. Kinect & Maya motion capture",NO_LINK_EMBEDDED,hackaday.com,1
2011-09-12,DK,xv9yFkEP6qI,"""All Nighter"" - feat. Kinect & Maya motion capture",YT_SEARCH,kinict film,1
2011-09-13,PK,xv9yFkEP6qI,"""All Nighter"" - feat. Kinect & Maya motion capture",NO_LINK_EMBEDDED,www.thecreatorsproject.com,1
2011-09-13,ES,xv9yFkEP6qI,"""All Nighter"" - feat. Kinect & Maya motion capture",NO_LINK_EMBEDDED,torbensko.com,3
2011-09-13,JP,xv9yFkEP6qI,"""All Nighter"" - feat. Kinect & Maya motion capture",NO_LINK_EMBEDDED,thecreatorsproject.com,1
2011-09-13,JP,xv9yFkEP6qI,"""All Nighter"" - feat. Kinect & Maya motion capture",NO_LINK_EMBEDDED,netanews.net,1
2011-09-13,JP,xv9yFkEP6qI,"""All Nighter"" - feat. Kinect & Maya motion capture",NO_LINK_EMBEDDED,kinect.pro-mame.com,2
2011-09-13,GR,xv9yFkEP6qI,"""All Nighter"" - feat. Kinect & Maya motion capture",NO_LINK_EMBEDDED,www.kinecthacks.com,1
2011-09-13,PT,xv9yFkEP6qI,"""All Nighter"" - feat. Kinect & Maya motion capture",NO_LINK_EMBEDDED,torbensko.com,1
2011-09-13,RO,xv9yFkEP6qI,"""All Nighter"" - feat. Kinect & Maya motion capture",YT_CHANNEL,,1
2011-09-13,AU,xv9yFkEP6qI,"""All Nighter"" - feat. Kinect & Maya motion capture",YT_SEARCH,kinect maya,2
2011-09-13,AU,xv9yFkEP6qI,"""All Nighter"" - feat. Kinect & Maya motion capture",NO_LINK_EMBEDDED,torbensko.com,1
2011-09-13,DE,xv9yFkEP6qI,"""All Nighter"" - feat. Kinect & Maya motion capture",YT_SEARCH,kinect motion capture,1
2011-09-13,DE,xv9yFkEP6qI,"""All Nighter"" - feat. Kinect & Maya motion capture",NO_LINK_VIRAL,,2
2011-09-13,US,xv9yFkEP6qI,"""All Nighter"" - feat. Kinect & Maya motion capture",EXT_URL,www.google.com,2
2011-09-13,US,xv9yFkEP6qI,"""All Nighter"" - feat. Kinect & Maya motion capture",YT_SEARCH,xbox 360 kinect motion capture,1
2011-09-13,US,xv9yFkEP6qI,"""All Nighter"" - feat. Kinect & Maya motion capture",YT_SEARCH,mocap maya kinect,2
2011-09-13,US,xv9yFkEP6qI,"""All Nighter"" - feat. Kinect & Maya motion capture",NO_LINK_EMBEDDED,hackaday.com,1
2011-09-13,US,xv9yFkEP6qI,"""All Nighter"" - feat. Kinect & Maya motion capture",NO_LINK_EMBEDDED,123kinect.com,2
2011-09-13,IN,xv9yFkEP6qI,"""All Nighter"" - feat. Kinect & Maya motion capture",YT_SEARCH,motion capture maya,1
2011-09-13,BR,xv9yFkEP6qI,"""All Nighter"" - feat. Kinect & Maya motion capture",NO_LINK_EMBEDDED,torbensko.com,2
2011-09-13,SA,xv9yFkEP6qI,"""All Nighter"" - feat. Kinect & Maya motion capture",NO_LINK_VIRAL,,1
2011-09-13,TR,xv9yFkEP6qI,"""All Nighter"" - feat. Kinect & Maya motion capture",NO_LINK_EMBEDDED,123kinect.com,1
2011-09-14,JP,xv9yFkEP6qI,"""All Nighter"" - feat. Kinect & Maya motion capture",EXT_URL,radiumsoftware.tumblr.com,2
2011-09-14,JP,xv9yFkEP6qI,"""All Nighter"" - feat. Kinect & Maya motion capture",NO_LINK_EMBEDDED,radiumsoftware.tumblr.com,1
2011-09-14,AU,xv9yFkEP6qI,"""All Nighter"" - feat. Kinect & Maya motion capture",NO_LINK_MOBILE,,1
2011-09-14,US,xv9yFkEP6qI,"""All Nighter"" - feat. Kinect & Maya motion capture",YT_SEARCH,kinect maya,1
2011-09-14,US,xv9yFkEP6qI,"""All Nighter"" - feat. Kinect & Maya motion capture",GOOGLE_SEARCH,youtube maya kinect,1
2011-09-14,US,xv9yFkEP6qI,"""All Nighter"" - feat. Kinect & Maya motion capture",NO_LINK_VIRAL,,1
2011-09-14,KR,xv9yFkEP6qI,"""All Nighter"" - feat. Kinect & Maya motion capture",YT_SEARCH,motion capture movie,7
2011-09-14,BR,xv9yFkEP6qI,"""All Nighter"" - feat. Kinect & Maya motion capture",YT_SEARCH,kinect maya,1
2011-09-14,NZ,xv9yFkEP6qI,"""All Nighter"" - feat. Kinect & Maya motion capture",YT_CHANNEL,,1
2011-09-14,TR,xv9yFkEP6qI,"""All Nighter"" - feat. Kinect & Maya motion capture",YT_SEARCH,home motion capture,1
2011-09-14,TR,xv9yFkEP6qI,"""All Nighter"" - feat. Kinect & Maya motion capture",EXT_URL,www.google.com.tr,1
2011-09-14,IT,xv9yFkEP6qI,"""All Nighter"" - feat. Kinect & Maya motion capture",YT_SEARCH,motion caputre maya ita,1
2011-09-15,CZ,xv9yFkEP6qI,"""All Nighter"" - feat. Kinect & Maya motion capture",NO_LINK_EMBEDDED,torbensko.com,1
2011-09-15,GR,xv9yFkEP6qI,"""All Nighter"" - feat. Kinect & Maya motion capture",EXT_URL,www.google.gr,1
2011-09-15,RO,xv9yFkEP6qI,"""All Nighter"" - feat. Kinect & Maya motion capture",YT_SEARCH,maya motion capture,1
2011-09-15,SK,xv9yFkEP6qI,"""All Nighter"" - feat. Kinect & Maya motion capture",YT_SEARCH,allnighter,1
2011-09-15,DE,xv9yFkEP6qI,"""All Nighter"" - feat. Kinect & Maya motion capture",NO_LINK_MOBILE,,2
2011-09-15,US,xv9yFkEP6qI,"""All Nighter"" - feat. Kinect & Maya motion capture",YT_SEARCH,motion capture kinect,1
2011-09-15,US,xv9yFkEP6qI,"""All Nighter"" - feat. Kinect & Maya motion capture",YT_SEARCH,using maya in film,1
2011-09-15,BR,xv9yFkEP6qI,"""All Nighter"" - feat. Kinect & Maya motion capture",NO_LINK_EMBEDDED,torbensko.com,1
2011-09-15,RU,xv9yFkEP6qI,"""All Nighter"" - feat. Kinect & Maya motion capture",YT_SEARCH,kinect and maya,2
2011-09-15,RU,xv9yFkEP6qI,"""All Nighter"" - feat. Kinect & Maya motion capture",NO_LINK_EMBEDDED,torbensko.com,1
2011-09-15,CA,xv9yFkEP6qI,"""All Nighter"" - feat. Kinect & Maya motion capture",EXT_URL,www.google.ca,1
2011-09-15,TR,xv9yFkEP6qI,"""All Nighter"" - feat. Kinect & Maya motion capture",NO_LINK_EMBEDDED,www.suasnews.com,1
2011-09-15,IT,xv9yFkEP6qI,"""All Nighter"" - feat. Kinect & Maya motion capture",EXT_URL,www.google.com,2
2011-09-15,IT,xv9yFkEP6qI,"""All Nighter"" - feat. Kinect & Maya motion capture",GOOGLE_SEARCH,kinect with maya,1
2011-09-15,IT,xv9yFkEP6qI,"""All Nighter"" - feat. Kinect & Maya motion capture",GOOGLE_SEARCH,maya and kinect,1
2011-09-16,LV,xv9yFkEP6qI,"""All Nighter"" - feat. Kinect & Maya motion capture",NO_LINK_EMBEDDED,kinecthacks.net,1
2011-09-16,DE,xv9yFkEP6qI,"""All Nighter"" - feat. Kinect & Maya motion capture",YT_SEARCH,kinect maya,2
2011-09-16,DE,xv9yFkEP6qI,"""All Nighter"" - feat. Kinect & Maya motion capture",NO_LINK_EMBEDDED,www.live4d.de,1
2011-09-16,US,xv9yFkEP6qI,"""All Nighter"" - feat. Kinect & Maya motion capture",YT_SEARCH,maya kinect,2
2011-09-16,US,xv9yFkEP6qI,"""All Nighter"" - feat. Kinect & Maya motion capture",YT_SEARCH,maya motion capture,1
2011-09-16,US,xv9yFkEP6qI,"""All Nighter"" - feat. Kinect & Maya motion capture",YT_SEARCH,kinect mocap maya,1
2011-09-16,US,xv9yFkEP6qI,"""All Nighter"" - feat. Kinect & Maya motion capture",YT_SEARCH,motion capture,1
2011-09-16,IN,xv9yFkEP6qI,"""All Nighter"" - feat. Kinect & Maya motion capture",EXT_URL,www.google.co.in,1
2011-09-16,MY,xv9yFkEP6qI,"""All Nighter"" - feat. Kinect & Maya motion capture",YT_SEARCH,kinect motion capture,1
2011-09-16,BR,xv9yFkEP6qI,"""All Nighter"" - feat. Kinect & Maya motion capture",EXT_URL,www.facebook.com,1
2011-09-16,NZ,xv9yFkEP6qI,"""All Nighter"" - feat. Kinect & Maya motion capture",EXT_URL,www.google.com,1
2011-09-16,RU,xv9yFkEP6qI,"""All Nighter"" - feat. Kinect & Maya motion capture",NO_LINK_EMBEDDED,www.torbensko.com,1
2011-09-16,RU,xv9yFkEP6qI,"""All Nighter"" - feat. Kinect & Maya motion capture",NO_LINK_VIRAL,,1
2011-09-16,MX,xv9yFkEP6qI,"""All Nighter"" - feat. Kinect & Maya motion capture",YT_SEARCH,kinect maya,1
2011-09-16,IT,xv9yFkEP6qI,"""All Nighter"" - feat. Kinect & Maya motion capture",YT_SEARCH,kinect motion capture ita,1
2011-09-16,IT,xv9yFkEP6qI,"""All Nighter"" - feat. Kinect & Maya motion capture",NO_LINK_EMBEDDED,torbensko.com,1
2011-09-16,DK,xv9yFkEP6qI,"""All Nighter"" - feat. Kinect & Maya motion capture",YT_CHANNEL,,1
2011-09-17,BE,xv9yFkEP6qI,"""All Nighter"" - feat. Kinect & Maya motion capture",YT_SEARCH,motion capture maya,2
2011-09-17,AU,xv9yFkEP6qI,"""All Nighter"" - feat. Kinect & Maya motion capture",GOOGLE_SEARCH,kinect maya,1
2011-09-17,EE,xv9yFkEP6qI,"""All Nighter"" - feat. Kinect & Maya motion capture",NO_LINK_EMBEDDED,123kinect.com,1
2011-09-17,US,xv9yFkEP6qI,"""All Nighter"" - feat. Kinect & Maya motion capture",YT_SEARCH,motion capture maya,2
2011-09-17,US,xv9yFkEP6qI,"""All Nighter"" - feat. Kinect & Maya motion capture",YT_SEARCH,maya short films,1
2011-09-17,US,xv9yFkEP6qI,"""All Nighter"" - feat. Kinect & Maya motion capture",YT_SEARCH,kinect pc motion capture,1
2011-09-17,US,xv9yFkEP6qI,"""All Nighter"" - feat. Kinect & Maya motion capture",NO_LINK_MOBILE,,1
2011-09-17,IN,xv9yFkEP6qI,"""All Nighter"" - feat. Kinect & Maya motion capture",EXT_URL,www.google.co.in,1
2011-09-17,IN,xv9yFkEP6qI,"""All Nighter"" - feat. Kinect & Maya motion capture",NO_LINK_EMBEDDED,kinect.dashhacks.com,1
2011-09-17,NZ,xv9yFkEP6qI,"""All Nighter"" - feat. Kinect & Maya motion capture",YT_SEARCH,maya motion,1
2011-09-17,RU,xv9yFkEP6qI,"""All Nighter"" - feat. Kinect & Maya motion capture",YT_SEARCH,kinect maya,1
2011-09-17,NO,xv9yFkEP6qI,"""All Nighter"" - feat. Kinect & Maya motion capture",YT_SEARCH,nighter,1
2011-09-17,PL,xv9yFkEP6qI,"""All Nighter"" - feat. Kinect & Maya motion capture",YT_SEARCH,kinect motion capture,2
2011-09-17,PL,xv9yFkEP6qI,"""All Nighter"" - feat. Kinect & Maya motion capture",YT_SEARCH,maya mouszyn,1
2011-09-18,US,xv9yFkEP6qI,"""All Nighter"" - feat. Kinect & Maya motion capture",EXT_URL,www.google.com,2
2011-09-18,US,xv9yFkEP6qI,"""All Nighter"" - feat. Kinect & Maya motion capture",YT_SEARCH,motion capture kinect,1
2011-09-18,US,xv9yFkEP6qI,"""All Nighter"" - feat. Kinect & Maya motion capture",NO_LINK_EMBEDDED,www.thecreatorsproject.com,1
2011-09-18,US,xv9yFkEP6qI,"""All Nighter"" - feat. Kinect & Maya motion capture",NO_LINK_MOBILE,,1
2011-09-18,TW,xv9yFkEP6qI,"""All Nighter"" - feat. Kinect & Maya motion capture",GOOGLE_SEARCH,kinect for maya,1
2011-09-18,HK,xv9yFkEP6qI,"""All Nighter"" - feat. Kinect & Maya motion capture",EXT_URL,www.google.com,1
2011-09-18,CA,xv9yFkEP6qI,"""All Nighter"" - feat. Kinect & Maya motion capture",EXT_URL,www.google.ca,1
2011-09-18,JO,xv9yFkEP6qI,"""All Nighter"" - feat. Kinect & Maya motion capture",NO_LINK_VIRAL,,2
2011-09-18,PL,xv9yFkEP6qI,"""All Nighter"" - feat. Kinect & Maya motion capture",YT_SEARCH,kinect motion captire,1
2011-09-19,BY,xv9yFkEP6qI,"""All Nighter"" - feat. Kinect & Maya motion capture",RELATED_VIDEO,pPt_944t9Lc,1
2011-09-19,ES,xv9yFkEP6qI,"""All Nighter"" - feat. Kinect & Maya motion capture",YT_SEARCH,nighter,1
2011-09-19,JP,xv9yFkEP6qI,"""All Nighter"" - feat. Kinect & Maya motion capture",NO_LINK_VIRAL,,1
2011-09-19,DE,xv9yFkEP6qI,"""All Nighter"" - feat. Kinect & Maya motion capture",YT_SEARCH,kinect motion capture,1
2011-09-19,US,xv9yFkEP6qI,"""All Nighter"" - feat. Kinect & Maya motion capture",YT_SEARCH,kinect motion capture,1
2011-09-19,US,xv9yFkEP6qI,"""All Nighter"" - feat. Kinect & Maya motion capture",YT_SEARCH,maya motion capture,1
2011-09-19,US,xv9yFkEP6qI,"""All Nighter"" - feat. Kinect & Maya motion capture",YT_SEARCH,motion capture kinect,1
2011-09-19,US,xv9yFkEP6qI,"""All Nighter"" - feat. Kinect & Maya motion capture",NO_LINK_EMBEDDED,kinecthacks.net,1
2011-09-19,CR,xv9yFkEP6qI,"""All Nighter"" - feat. Kinect & Maya motion capture",EXT_URL,www.google.com,1
2011-09-19,BR,xv9yFkEP6qI,"""All Nighter"" - feat. Kinect & Maya motion capture",NO_LINK_EMBEDDED,torbensko.com,1
2011-09-19,BR,xv9yFkEP6qI,"""All Nighter"" - feat. Kinect & Maya motion capture",NO_LINK_EMBEDDED,thecreatorsproject.com,1
2011-09-19,IT,xv9yFkEP6qI,"""All Nighter"" - feat. Kinect & Maya motion capture",YT_SEARCH,home motion capture,1
2011-09-19,DK,xv9yFkEP6qI,"""All Nighter"" - feat. Kinect & Maya motion capture",NO_LINK_EMBEDDED,www.thecreatorsproject.com,1
2011-09-20,IL,xv9yFkEP6qI,"""All Nighter"" - feat. Kinect & Maya motion capture",NO_LINK_VIRAL,,1
2011-09-20,JP,xv9yFkEP6qI,"""All Nighter"" - feat. Kinect & Maya motion capture",NO_LINK_EMBEDDED,radiumsoftware.tumblr.com,1
2011-09-20,AU,xv9yFkEP6qI,"""All Nighter"" - feat. Kinect & Maya motion capture",EXT_URL,www.google.com.hk,1
2011-09-20,DE,xv9yFkEP6qI,"""All Nighter"" - feat. Kinect & Maya motion capture",NO_LINK_EMBEDDED,hackaday.com,2
2011-09-20,US,xv9yFkEP6qI,"""All Nighter"" - feat. Kinect & Maya motion capture",YT_SEARCH,kinect motion capture,1
2011-09-20,US,xv9yFkEP6qI,"""All Nighter"" - feat. Kinect & Maya motion capture",YT_SEARCH,kinect capture,1
2011-09-20,US,xv9yFkEP6qI,"""All Nighter"" - feat. Kinect & Maya motion capture",NO_LINK_EMBEDDED,www.thecreatorsproject.com,1
2011-09-20,US,xv9yFkEP6qI,"""All Nighter"" - feat. Kinect & Maya motion capture",NO_LINK_EMBEDDED,gunshoe.org,1
2011-09-20,FR,xv9yFkEP6qI,"""All Nighter"" - feat. Kinect & Maya motion capture",NO_LINK_EMBEDDED,torbensko.com,1
2011-09-20,RU,xv9yFkEP6qI,"""All Nighter"" - feat. Kinect & Maya motion capture",YT_SEARCH,kinect motion capture,1
2011-09-20,RU,xv9yFkEP6qI,"""All Nighter"" - feat. Kinect & Maya motion capture",YT_SEARCH,kinect hack,1
2011-09-20,CA,xv9yFkEP6qI,"""All Nighter"" - feat. Kinect & Maya motion capture",YT_SEARCH,maya kinect,1
2011-09-20,CA,xv9yFkEP6qI,"""All Nighter"" - feat. Kinect & Maya motion capture",NO_LINK_EMBEDDED,torbensko.com,1
2011-09-20,EG,xv9yFkEP6qI,"""All Nighter"" - feat. Kinect & Maya motion capture",YT_SEARCH,maya motion capture tutorial,1
2011-09-20,MX,xv9yFkEP6qI,"""All Nighter"" - feat. Kinect & Maya motion capture",EXT_URL,www.google.com.mx,1
2011-09-20,GB,xv9yFkEP6qI,"""All Nighter"" - feat. Kinect & Maya motion capture",NO_LINK_EMBEDDED,www.thecreatorsproject.com,1
2011-09-20,DK,xv9yFkEP6qI,"""All Nighter"" - feat. Kinect & Maya motion capture",YT_SEARCH,kinect motion capture,1
2011-09-20,DK,xv9yFkEP6qI,"""All Nighter"" - feat. Kinect & Maya motion capture",NO_LINK_EMBEDDED,www.thecreatorsproject.com,1
2011-09-20,MT,xv9yFkEP6qI,"""All Nighter"" - feat. Kinect & Maya motion capture",YT_OTHER_PAGE,www.youtube.com/embed/xv9yFkEP6qI,1
2011-09-20,MT,xv9yFkEP6qI,"""All Nighter"" - feat. Kinect & Maya motion capture",NO_LINK_EMBEDDED,torbensko.com,1
2011-09-21,PH,xv9yFkEP6qI,"""All Nighter"" - feat. Kinect & Maya motion capture",YT_SEARCH,how to motion capture with kinect,1
2011-09-21,JP,xv9yFkEP6qI,"""All Nighter"" - feat. Kinect & Maya motion capture",NO_LINK_EMBEDDED,kinect.pro-mame.com,1
2011-09-21,JP,xv9yFkEP6qI,"""All Nighter"" - feat. Kinect & Maya motion capture",NO_LINK_MOBILE,,1
2011-09-21,US,xv9yFkEP6qI,"""All Nighter"" - feat. Kinect & Maya motion capture",EXT_URL,www.google.com,1
2011-09-21,US,xv9yFkEP6qI,"""All Nighter"" - feat. Kinect & Maya motion capture",NO_LINK_EMBEDDED,kinect.dashhacks.com,1
2011-09-21,IN,xv9yFkEP6qI,"""All Nighter"" - feat. Kinect & Maya motion capture",NO_LINK_MOBILE,,1
2011-09-21,MY,xv9yFkEP6qI,"""All Nighter"" - feat. Kinect & Maya motion capture",YT_SEARCH,kinect maya,2
2011-09-21,SA,xv9yFkEP6qI,"""All Nighter"" - feat. Kinect & Maya motion capture",NO_LINK_EMBEDDED,www.torbensko.com,1
2011-09-21,NZ,xv9yFkEP6qI,"""All Nighter"" - feat. Kinect & Maya motion capture",GOOGLE_SEARCH,maya kinect plugin,1
2011-09-21,SE,xv9yFkEP6qI,"""All Nighter"" - feat. Kinect & Maya motion capture",NO_LINK_MOBILE,,1
2011-09-21,IT,xv9yFkEP6qI,"""All Nighter"" - feat. Kinect & Maya motion capture",NO_LINK_EMBEDDED,kinect.dashhacks.com,1
2011-09-22,JE,xv9yFkEP6qI,"""All Nighter"" - feat. Kinect & Maya motion capture",YT_SEARCH,kinect mocap maya,1
2011-09-22,DE,xv9yFkEP6qI,"""All Nighter"" - feat. Kinect & Maya motion capture",NO_LINK_EMBEDDED,torbensko.com,1
2011-09-22,US,xv9yFkEP6qI,"""All Nighter"" - feat. Kinect & Maya motion capture",RELATED_VIDEO,KkaES50il3I,1
2011-09-22,US,xv9yFkEP6qI,"""All Nighter"" - feat. Kinect & Maya motion capture",NO_LINK_EMBEDDED,kinecthacks.net,2
2011-09-22,US,xv9yFkEP6qI,"""All Nighter"" - feat. Kinect & Maya motion capture",NO_LINK_EMBEDDED,www.thecreatorsproject.com,1
2011-09-22,US,xv9yFkEP6qI,"""All Nighter"" - feat. Kinect & Maya motion capture",NO_LINK_VIRAL,,1
2011-09-22,IN,xv9yFkEP6qI,"""All Nighter"" - feat. Kinect & Maya motion capture",YT_SEARCH,maya short film,1
2011-09-22,TH,xv9yFkEP6qI,"""All Nighter"" - feat. Kinect & Maya motion capture",NO_LINK_EMBEDDED,ae.tutsplus.com,1
2011-09-22,BR,xv9yFkEP6qI,"""All Nighter"" - feat. Kinect & Maya motion capture",YT_SEARCH,maya 3d motion capture,2
2011-09-22,NZ,xv9yFkEP6qI,"""All Nighter"" - feat. Kinect & Maya motion capture",GOOGLE_SEARCH,maya kinect plugin,1
2011-09-22,NL,xv9yFkEP6qI,"""All Nighter"" - feat. Kinect & Maya motion capture",NO_LINK_EMBEDDED,videovolt.blogspot.com,1
2011-09-22,SE,xv9yFkEP6qI,"""All Nighter"" - feat. Kinect & Maya motion capture",YT_SEARCH,motion capture tutorial maya,1
2011-09-22,SE,xv9yFkEP6qI,"""All Nighter"" - feat. Kinect & Maya motion capture",NO_LINK_EMBEDDED,www.it-networks.org,1
2011-09-22,GB,xv9yFkEP6qI,"""All Nighter"" - feat. Kinect & Maya motion capture",EXT_URL,www.google.co.uk,1
2011-09-23,BG,xv9yFkEP6qI,"""All Nighter"" - feat. Kinect & Maya motion capture",NO_LINK_EMBEDDED,torbensko.com,1
2011-09-23,JP,xv9yFkEP6qI,"""All Nighter"" - feat. Kinect & Maya motion capture",NO_LINK_EMBEDDED,torbensko.com,1
2011-09-23,GR,xv9yFkEP6qI,"""All Nighter"" - feat. Kinect & Maya motion capture",YT_SEARCH,nighter,1
2011-09-23,US,xv9yFkEP6qI,"""All Nighter"" - feat. Kinect & Maya motion capture",YT_SEARCH,kinect maya,1
2011-09-23,US,xv9yFkEP6qI,"""All Nighter"" - feat. Kinect & Maya motion capture",EXT_URL,www.google.com,1
2011-09-23,US,xv9yFkEP6qI,"""All Nighter"" - feat. Kinect & Maya motion capture",YT_SEARCH,how to do an all nighter,1
2011-09-23,US,xv9yFkEP6qI,"""All Nighter"" - feat. Kinect & Maya motion capture",NO_LINK_EMBEDDED,torbensko.com,2
2011-09-23,US,xv9yFkEP6qI,"""All Nighter"" - feat. Kinect & Maya motion capture",NO_LINK_EMBEDDED,kinecthacks.net,1
2011-09-23,US,xv9yFkEP6qI,"""All Nighter"" - feat. Kinect & Maya motion capture",NO_LINK_VIRAL,,1
2011-09-23,US,xv9yFkEP6qI,"""All Nighter"" - feat. Kinect & Maya motion capture",NO_LINK_MOBILE,,1
2011-09-23,SG,xv9yFkEP6qI,"""All Nighter"" - feat. Kinect & Maya motion capture",NO_LINK_MOBILE,,5
2011-09-23,RU,xv9yFkEP6qI,"""All Nighter"" - feat. Kinect & Maya motion capture",NO_LINK_EMBEDDED,torbensko.com,1
2011-09-23,SE,xv9yFkEP6qI,"""All Nighter"" - feat. Kinect & Maya motion capture",NO_LINK_EMBEDDED,torbensko.com,1
2011-09-23,GB,xv9yFkEP6qI,"""All Nighter"" - feat. Kinect & Maya motion capture",YT_SEARCH,kinect motion capture,1
2011-09-23,GB,xv9yFkEP6qI,"""All Nighter"" - feat. Kinect & Maya motion capture",NO_LINK_EMBEDDED,torbensko.com,1
2011-09-24,JP,xv9yFkEP6qI,"""All Nighter"" - feat. Kinect & Maya motion capture",NO_LINK_EMBEDDED,kinect.pro-mame.com,1
2011-09-24,DE,xv9yFkEP6qI,"""All Nighter"" - feat. Kinect & Maya motion capture",YT_SEARCH,kinect maya,1
2011-09-24,US,xv9yFkEP6qI,"""All Nighter"" - feat. Kinect & Maya motion capture",GOOGLE_SEARCH,kinect for maya,1
2011-09-24,US,xv9yFkEP6qI,"""All Nighter"" - feat. Kinect & Maya motion capture",YT_SEARCH,how to motion capture with kinect,1
2011-09-24,US,xv9yFkEP6qI,"""All Nighter"" - feat. Kinect & Maya motion capture",NO_LINK_EMBEDDED,torbensko.com,3
2011-09-24,US,xv9yFkEP6qI,"""All Nighter"" - feat. Kinect & Maya motion capture",NO_LINK_MOBILE,,1
2011-09-24,IN,xv9yFkEP6qI,"""All Nighter"" - feat. Kinect & Maya motion capture",YT_SEARCH,motion capture maya,1
2011-09-24,MY,xv9yFkEP6qI,"""All Nighter"" - feat. Kinect & Maya motion capture",YT_SEARCH,motion capture maya,2
2011-09-24,KR,xv9yFkEP6qI,"""All Nighter"" - feat. Kinect & Maya motion capture",NO_LINK_EMBEDDED,torbensko.com,1
2011-09-24,RU,xv9yFkEP6qI,"""All Nighter"" - feat. Kinect & Maya motion capture",YT_CHANNEL,,1
2011-09-24,RU,xv9yFkEP6qI,"""All Nighter"" - feat. Kinect & Maya motion capture",YT_SEARCH,motion maya,1
2011-09-24,RU,xv9yFkEP6qI,"""All Nighter"" - feat. Kinect & Maya motion capture",YT_SEARCH,animation in maya amateur,1
2011-09-24,MX,xv9yFkEP6qI,"""All Nighter"" - feat. Kinect & Maya motion capture",GOOGLE_SEARCH,kinet maya,1
2011-09-24,AE,xv9yFkEP6qI,"""All Nighter"" - feat. Kinect & Maya motion capture",YT_SEARCH,motion capture maya,1
2011-09-24,AE,xv9yFkEP6qI,"""All Nighter"" - feat. Kinect & Maya motion capture",YT_SEARCH,action short movie maya,1
2011-09-24,GB,xv9yFkEP6qI,"""All Nighter"" - feat. Kinect & Maya motion capture",EXT_URL,kinect.dashhacks.com,1
2011-09-24,IT,xv9yFkEP6qI,"""All Nighter"" - feat. Kinect & Maya motion capture",NO_LINK_EMBEDDED,kinect.dashhacks.com,1
2011-09-24,ID,xv9yFkEP6qI,"""All Nighter"" - feat. Kinect & Maya motion capture",NO_LINK_EMBEDDED,www.thecreatorsproject.com,1
2011-09-24,DK,xv9yFkEP6qI,"""All Nighter"" - feat. Kinect & Maya motion capture",NO_LINK_EMBEDDED,thecreatorsproject.com,1
2011-09-25,HU,xv9yFkEP6qI,"""All Nighter"" - feat. Kinect & Maya motion capture",NO_LINK_EMBEDDED,torbensko.com,1
2011-09-25,AU,xv9yFkEP6qI,"""All Nighter"" - feat. Kinect & Maya motion capture",YT_CHANNEL,,1
2011-09-25,US,xv9yFkEP6qI,"""All Nighter"" - feat. Kinect & Maya motion capture",YT_SEARCH,kinect motion capture,1
2011-09-25,US,xv9yFkEP6qI,"""All Nighter"" - feat. Kinect & Maya motion capture",EXT_URL,www.google.com,1
2011-09-25,US,xv9yFkEP6qI,"""All Nighter"" - feat. Kinect & Maya motion capture",YT_SEARCH,how to do an all nighter,1
2011-09-25,US,xv9yFkEP6qI,"""All Nighter"" - feat. Kinect & Maya motion capture",NO_LINK_EMBEDDED,torbensko.com,1
2011-09-25,US,xv9yFkEP6qI,"""All Nighter"" - feat. Kinect & Maya motion capture",NO_LINK_EMBEDDED,www.it-networks.org,2
2011-09-25,US,xv9yFkEP6qI,"""All Nighter"" - feat. Kinect & Maya motion capture",NO_LINK_MOBILE,,1
2011-09-25,TH,xv9yFkEP6qI,"""All Nighter"" - feat. Kinect & Maya motion capture",YT_SEARCH,xbox kinect motion capture maya,1
2011-09-25,BR,xv9yFkEP6qI,"""All Nighter"" - feat. Kinect & Maya motion capture",NO_LINK_EMBEDDED,thecreatorsproject.com,1
2011-09-25,HK,xv9yFkEP6qI,"""All Nighter"" - feat. Kinect & Maya motion capture",NO_LINK_EMBEDDED,hackaday.com,1
2011-09-25,RU,xv9yFkEP6qI,"""All Nighter"" - feat. Kinect & Maya motion capture",YT_CHANNEL,,1
2011-09-25,TR,xv9yFkEP6qI,"""All Nighter"" - feat. Kinect & Maya motion capture",NO_LINK_EMBEDDED,torbensko.com,1
2011-09-25,NL,xv9yFkEP6qI,"""All Nighter"" - feat. Kinect & Maya motion capture",NO_LINK_EMBEDDED,torbensko.com,1
2011-09-25,GB,xv9yFkEP6qI,"""All Nighter"" - feat. Kinect & Maya motion capture",YT_SEARCH,kinect motion capture,2
2011-09-25,GB,xv9yFkEP6qI,"""All Nighter"" - feat. Kinect & Maya motion capture",YT_SEARCH,how to do an all nighter,1
2011-09-25,IT,xv9yFkEP6qI,"""All Nighter"" - feat. Kinect & Maya motion capture",YT_SEARCH,kinect maya,1
2011-09-25,PL,xv9yFkEP6qI,"""All Nighter"" - feat. Kinect & Maya motion capture",NO_LINK_EMBEDDED,torbensko.com,1
2011-09-26,JP,xv9yFkEP6qI,"""All Nighter"" - feat. Kinect & Maya motion capture",NO_LINK_EMBEDDED,kinect.pro-mame.com,1
2011-09-26,GR,xv9yFkEP6qI,"""All Nighter"" - feat. Kinect & Maya motion capture",NO_LINK_MOBILE,,1
2011-09-26,PT,xv9yFkEP6qI,"""All Nighter"" - feat. Kinect & Maya motion capture",NO_LINK_EMBEDDED,torbensko.com,1
2011-09-26,AU,xv9yFkEP6qI,"""All Nighter"" - feat. Kinect & Maya motion capture",YT_SEARCH,kinect maya,1
2011-09-26,AU,xv9yFkEP6qI,"""All Nighter"" - feat. Kinect & Maya motion capture",NO_LINK_EMBEDDED,kinect.dashhacks.com,1
2011-09-26,LK,xv9yFkEP6qI,"""All Nighter"" - feat. Kinect & Maya motion capture",YT_SEARCH,how to make motion tracking device at home,1
2011-09-26,DE,xv9yFkEP6qI,"""All Nighter"" - feat. Kinect & Maya motion capture",NO_LINK_EMBEDDED,torbensko.com,1
2011-09-26,US,xv9yFkEP6qI,"""All Nighter"" - feat. Kinect & Maya motion capture",EXT_URL,www.google.com,1
2011-09-26,US,xv9yFkEP6qI,"""All Nighter"" - feat. Kinect & Maya motion capture",NO_LINK_EMBEDDED,kinecthacks.net,1
2011-09-26,US,xv9yFkEP6qI,"""All Nighter"" - feat. Kinect & Maya motion capture",NO_LINK_MOBILE,,1
2011-09-26,IN,xv9yFkEP6qI,"""All Nighter"" - feat. Kinect & Maya motion capture",NO_LINK_EMBEDDED,kinect.dashhacks.com,1
2011-09-26,TH,xv9yFkEP6qI,"""All Nighter"" - feat. Kinect & Maya motion capture",YT_SEARCH,kinect motion capture maya,1
2011-09-26,FR,xv9yFkEP6qI,"""All Nighter"" - feat. Kinect & Maya motion capture",NO_LINK_EMBEDDED,kinect.dashhacks.com,1
2011-09-26,AR,xv9yFkEP6qI,"""All Nighter"" - feat. Kinect & Maya motion capture",NO_LINK_EMBEDDED,torbensko.com,1
2011-09-26,NL,xv9yFkEP6qI,"""All Nighter"" - feat. Kinect & Maya motion capture",YT_SEARCH,maya motion capture,1
2011-09-26,NL,xv9yFkEP6qI,"""All Nighter"" - feat. Kinect & Maya motion capture",NO_LINK_EMBEDDED,torbensko.com,1
2011-09-26,SE,xv9yFkEP6qI,"""All Nighter"" - feat. Kinect & Maya motion capture",GOOGLE_SEARCH,kinect to maya,1
2011-09-27,JP,xv9yFkEP6qI,"""All Nighter"" - feat. Kinect & Maya motion capture",EXT_URL,gigazine.net,22
2011-09-27,JP,xv9yFkEP6qI,"""All Nighter"" - feat. Kinect & Maya motion capture",NO_LINK_EMBEDDED,radiumsoftware.tumblr.com,1
2011-09-27,JP,xv9yFkEP6qI,"""All Nighter"" - feat. Kinect & Maya motion capture",NO_LINK_EMBEDDED,thecreatorsproject.com,4
2011-09-27,JP,xv9yFkEP6qI,"""All Nighter"" - feat. Kinect & Maya motion capture",NO_LINK_EMBEDDED,kinect.pro-mame.com,1
2011-09-27,JP,xv9yFkEP6qI,"""All Nighter"" - feat. Kinect & Maya motion capture",NO_LINK_VIRAL,,1
2011-09-27,JP,xv9yFkEP6qI,"""All Nighter"" - feat. Kinect & Maya motion capture",NO_LINK_MOBILE,,2
2011-09-27,GR,xv9yFkEP6qI,"""All Nighter"" - feat. Kinect & Maya motion capture",YT_SEARCH,maya motion capture,1
2011-09-27,GR,xv9yFkEP6qI,"""All Nighter"" - feat. Kinect & Maya motion capture",YT_SEARCH,the nighter,1
2011-09-27,AT,xv9yFkEP6qI,"""All Nighter"" - feat. Kinect & Maya motion capture",NO_LINK_EMBEDDED,123kinect.com,1
2011-09-27,AU,xv9yFkEP6qI,"""All Nighter"" - feat. Kinect & Maya motion capture",NO_LINK_EMBEDDED,torbensko.com,1
2011-09-27,DE,xv9yFkEP6qI,"""All Nighter"" - feat. Kinect & Maya motion capture",NO_LINK_MOBILE,,1
2011-09-27,US,xv9yFkEP6qI,"""All Nighter"" - feat. Kinect & Maya motion capture",GOOGLE_SEARCH,connect kinect to maya,1
2011-09-27,US,xv9yFkEP6qI,"""All Nighter"" - feat. Kinect & Maya motion capture",NO_LINK_EMBEDDED,torbensko.com,2
2011-09-27,US,xv9yFkEP6qI,"""All Nighter"" - feat. Kinect & Maya motion capture",NO_LINK_EMBEDDED,kinect.dashhacks.com,1
2011-09-27,US,xv9yFkEP6qI,"""All Nighter"" - feat. Kinect & Maya motion capture",NO_LINK_MOBILE,,1
2011-09-27,IN,xv9yFkEP6qI,"""All Nighter"" - feat. Kinect & Maya motion capture",GOOGLE_SEARCH,motion capture in maya,1
2011-09-27,TW,xv9yFkEP6qI,"""All Nighter"" - feat. Kinect & Maya motion capture",YT_SEARCH,kinect finger maya,1
2011-09-27,TW,xv9yFkEP6qI,"""All Nighter"" - feat. Kinect & Maya motion capture",NO_LINK_EMBEDDED,123kinect.com,1
2011-09-27,FR,xv9yFkEP6qI,"""All Nighter"" - feat. Kinect & Maya motion capture",YT_OTHER_PAGE,www.youtube.com/embed/xv9yFkEP6qI,1
2011-09-27,FR,xv9yFkEP6qI,"""All Nighter"" - feat. Kinect & Maya motion capture",NO_LINK_EMBEDDED,torbensko.com,1
2011-09-27,FR,xv9yFkEP6qI,"""All Nighter"" - feat. Kinect & Maya motion capture",NO_LINK_EMBEDDED,kinect.dashhacks.com,1
2011-09-27,RU,xv9yFkEP6qI,"""All Nighter"" - feat. Kinect & Maya motion capture",NO_LINK_EMBEDDED,customs.dp.ua,1
2011-09-27,CA,xv9yFkEP6qI,"""All Nighter"" - feat. Kinect & Maya motion capture",GOOGLE_SEARCH,using kinect for motion capture,1
2011-09-27,CA,xv9yFkEP6qI,"""All Nighter"" - feat. Kinect & Maya motion capture",NO_LINK_VIRAL,,1
2011-09-27,IE,xv9yFkEP6qI,"""All Nighter"" - feat. Kinect & Maya motion capture",NO_LINK_EMBEDDED,www.torbensko.com,1
2011-09-27,SE,xv9yFkEP6qI,"""All Nighter"" - feat. Kinect & Maya motion capture",NO_LINK_EMBEDDED,kaifraser.wordpress.com,1
2011-09-27,PL,xv9yFkEP6qI,"""All Nighter"" - feat. Kinect & Maya motion capture",YT_SEARCH,kinect maya,1
